<?xml version="1.0"?>
<extension>
	<name>PLUGIN_SONGZA</name>
	<module>Plugins::Songza::Plugin</module>
	<version>0.0.5</version>
	<description>PLUGIN_SONGZA_DESC</description>
	<creator>Tim Henrich</creator>
	<email>tim.henrich@gmail.com</email>
	<defaultState>enabled</defaultState>
	<homepageURL>https://github.com/thenrich/lms-songza</homepageURL>
	<icon>plugins/songza/html/images/icon.png</icon>
	<optionsURL>plugins/songza/settings/basic.html</optionsURL>
	<type>2</type>
	<targetApplication>
		<id>Logitech Media Server</id>
		<minVersion>7.0a</minVersion>
		<maxVersion>7+</maxVersion>
	</targetApplication>
</extension>
